label,trait
2071,1
2075,1
2074,1
2073,1
2078,0
2080,0
2084,0
2083,0
2089,0
2088,0
2087,0
2091,0
2094,0
2093,0
2097,0
2098,0
2096,0
2095,0
2092,0
2090,0
2086,0
2100,0
2099,0
2085,0
2082,0
2081,0
2079,0
2077,0
2103,0
2102,0
2110,0
2109,0
2108,0
2107,0
2106,0
2115,0
2114,0
2117,1
2120,0
2119,0
2122,0
2121,0
2118,0
2116,0
2113,0
2112,0
2125,0
2124,0
2131,1
2130,1
2129,1
2128,1
2138,1
2137,1
2139,1
2136,1
2142,1
2141,1
2144,1
2143,1
2140,1
2135,1
2134,1
2133,1
2149,1
2157,1
2156,1
2160,1
2159,1
2158,1
2155,1
2162,1
2161,1
2154,1
2153,1
2152,1
2151,1
2167,1
2166,1
2165,1
2169,1
2171,1
2170,1
2168,1
2164,1
2163,1
2150,1
2148,1
2147,1
2146,1
2145,1
2132,1
2127,1
2177,0
2176,0
2175,0
2174,0
2179,0
2184,0
2183,0
2182,0
2186,0
2188,0
2189,0
2187,0
2185,0
2181,0
2195,0
2198,0
2197,0
2196,0
2194,0
2193,0
2192,0
2202,0
2207,0
2208,0
2206,0
2205,0
2204,0
2203,0
2201,0
2210,0
2214,0
2213,0
2212,0
2217,0
2218,0
2216,0
2215,0
2211,0
2209,0
2200,0
2199,0
2191,0
2190,0
2180,0
2178,0
2173,0
2224,0
2223,0
2226,0
2231,0
2233,0
2232,0
2230,0
2229,0
2236,0
2239,0
2240,0
2238,0
2242,0
2244,0
2247,0
2246,0
2245,0
2243,0
2241,0
2237,0
2235,0
2234,0
2228,0
2227,0
2225,0
2222,0
2221,0
2250,0
2253,0
2252,0
2256,0
2258,0
2261,0
2260,0
2259,0
2257,0
2255,0
2264,0
2267,0
2266,0
2265,0
2263,0
2271,0
2270,0
2269,0
2273,0
2276,0
2275,0
2279,0
2282,0
2284,0
2283,0
2281,0
2280,0
2278,0
2277,0
2274,0
2272,0
2268,0
2262,0
2254,0
2251,0
2249,0
2287,0
2288,0
2286,0
2290,0
2294,0
2297,0
2296,0
2301,0
2300,0
2303,0
2304,0
2302,0
2299,0
2298,0
2295,0
2293,0
2292,0
2306,0
2309,0
2308,0
2312,0
2315,0
2318,0
2317,0
2323,0
2322,0
2321,0
2320,0
2319,0
2316,0
2314,0
2313,0
2311,0
2310,0
2307,0
2305,0
2291,0
2289,0
2285,0
2248,0
2220,0
2326,0
2332,0
2331,0
2330,0
2336,0
2335,0
2340,0
2339,0
2341,0
2338,0
2346,0
2345,0
2344,0
2343,0
2348,0
2347,0
2342,0
2337,0
2334,0
2333,0
2329,0
2353,0
2352,0
2351,0
2357,0
2356,0
2355,0
2359,0
2363,0
2362,0
2365,0
2367,0
2366,0
2364,0
2361,0
2360,0
2358,0
2354,0
2350,0
2373,0
2372,0
2371,0
2377,0
2379,0
2378,0
2376,0
2375,0
2382,0
2381,0
2385,0
2384,0
2388,0
2387,0
2391,0
2393,0
2392,0
2390,0
2389,0
2386,0
2383,0
2380,0
2374,0
2370,0
2369,0
2395,0
2400,0
2401,0
2399,0
2398,0
2403,0
2406,0
2405,0
2408,0
2411,0
2413,0
2412,0
2410,0
2409,0
2407,0
2404,0
2402,0
2397,0
2396,0
2394,0
2368,0
2349,0
2328,0
2417,0
2416,0
2421,0
2420,0
2424,0
2429,0
2432,0
2431,0
2430,0
2428,0
2427,0
2426,0
2425,0
2423,0
2422,0
2419,0
2418,0
2415,0
2436,0
2435,0
2443,0
2442,0
2441,0
2440,0
2439,0
2446,0
2448,0
2447,0
2445,0
2451,0
2454,0
2453,0
2459,0
2458,0
2457,0
2456,0
2455,0
2452,0
2450,0
2462,0
2461,0
2460,0
2449,0
2444,0
2438,0
2437,0
2434,0
2464,0
2466,0
2469,0
2470,0
2468,0
2474,0
2473,0
2472,0
2471,0
2467,0
2465,0
2463,0
2433,0
2414,0
2327,0
2325,0
2480,1
2479,1
2483,1
2484,1
2482,1
2481,1
2478,1
2487,1
2491,1
2492,1
2490,1
2489,1
2488,1
2486,1
2495,1
2494,1
2498,1
2497,1
2502,1
2501,1
2504,1
2503,1
2500,1
2506,1
2508,1
2512,1
2514,1
2515,1
2513,1
2511,1
2510,1
2520,1
2519,1
2521,1
2518,1
2522,1
2517,1
2516,1
2509,1
2507,1
2505,1
2499,1
2496,1
2493,1
2485,1
2477,1
2526,1
2525,1
2531,1
2530,1
2529,1
2532,1
2528,1
2535,1
2539,0
2538,0
2541,1
2540,1
2537,1
2536,1
2534,1
2544,1
2547,1
2546,1
2545,1
2543,1
2549,1
2553,1
2552,1
2551,1
2557,1
2556,1
2555,1
2554,1
2550,1
2548,1
2542,1
2533,1
2527,1
2524,1
2560,1
2559,1
2565,1
2568,1
2567,1
2566,1
2564,1
2570,1
2574,1
2573,1
2572,1
2579,1
2578,1
2577,1
2582,1
2581,1
2584,1
2583,1
2580,1
2576,1
2590,1
2589,1
2588,1
2587,1
2586,1
2594,1
2593,1
2598,1
2599,1
2597,1
2596,1
2605,1
2604,1
2606,1
2603,1
2602,1
2611,1
2610,1
2609,1
2608,1
2615,1
2617,1
2620,1
2619,1
2623,1
2625,1
2624,1
2622,1
2621,1
2618,1
2616,1
2614,1
2630,1
2631,1
2629,1
2628,1
2634,1
2633,1
2637,1
2636,1
2635,1
2632,1
2627,1
2626,1
2613,1
2612,1
2607,1
2601,1
2600,1
2595,1
2592,1
2591,1
2585,1
2575,1
2571,1
2569,1
2563,1
2562,1
2641,1
2643,1
2645,1
2646,1
2644,1
2642,1
2640,1
2649,1
2648,1
2653,1
2657,1
2658,1
2656,1
2660,1
2665,1
2664,1
2671,1
2672,1
2670,1
2669,1
2668,1
2674,1
2677,1
2678,1
2676,1
2680,1
2679,1
2675,1
2673,1
2667,1
2666,1
2663,1
2662,1
2661,1
2659,1
2655,1
2654,1
2652,1
2651,1
2650,1
2647,1
2639,1
2685,1
2686,1
2684,1
2683,1
2689,1
2693,1
2694,1
2692,1
2691,1
2696,1
2699,1
2700,1
2698,1
2702,1
2701,1
2697,1
2695,1
2690,1
2688,1
2687,1
2682,1
2681,1
2638,1
2561,1
2558,1
2523,1
2476,1
2475,1
2324,0
2219,0
2172,0
2126,1
2123,0
2111,0
2105,0
2708,0
2709,0
2707,0
2706,0
2712,1
2714,1
2713,1
2711,1
2718,1
2717,1
2716,1
2721,1
2724,0
2723,0
2726,0
2727,0
2725,0
2722,0
2720,1
2719,1
2715,1
2710,1
2705,1
2731,1
2733,0
2735,1
2734,1
2732,1
2730,1
2737,0
2741,0
2740,0
2743,0
2745,0
2749,0
2752,1
2751,1
2753,0
2750,1
2748,0
2747,0
2746,0
2744,0
2742,0
2739,0
2738,0
2736,0
2729,1
2758,1
2763,1
2762,1
2761,1
2760,1
2759,1
2757,1
2756,1
2755,1
2766,0
2768,0
2767,0
2765,0
2772,0
2773,1
2771,0
2770,0
2776,0
2779,1
2783,1
2785,1
2784,1
2782,1
2781,1
2780,1
2778,1
2788,0
2789,0
2787,0
2793,0
2792,0
2797,0
2799,0
2798,0
2796,0
2801,0
2800,0
2795,0
2803,0
2806,0
2805,0
2809,0
2808,0
2812,0
2814,0
2813,0
2811,0
2816,0
2818,0
2819,0
2817,0
2815,0
2810,0
2807,0
2804,0
2802,0
2794,0
2791,0
2823,0
2822,0
2821,0
2820,0
2790,0
2786,0
2777,0
2775,0
2826,0
2825,0
2830,0
2833,1
2832,1
2835,1
2838,0
2837,0
2836,0
2834,1
2831,1
2829,0
2842,0
2841,0
2840,0
2839,0
2828,0
2847,0
2846,0
2845,0
2850,0
2849,0
2848,0
2844,0
2852,0
2856,0
2859,0
2858,0
2862,0
2861,0
2863,0
2860,0
2857,0
2855,0
2868,0
2867,0
2866,0
2865,0
2872,0
2873,0
2871,0
2880,0
2882,0
2881,0
2879,0
2878,0
2885,0
2884,0
2888,0
2890,0
2889,0
2887,0
2894,0
2893,0
2892,0
2891,0
2886,0
2883,0
2877,0
2876,0
2899,0
2898,0
2901,0
2900,0
2897,0
2906,0
2909,0
2908,0
2907,0
2905,0
2914,0
2913,0
2912,0
2911,0
2910,0
2904,0
2919,0
2921,0
2920,0
2918,0
2917,0
2924,0
2926,0
2925,0
2923,0
2928,0
2930,0
2929,0
2927,0
2922,0
2916,0
2915,0
2903,0
2936,0
2935,0
2940,0
2939,0
2938,0
2943,0
2942,0
2945,0
2944,0
2941,0
2937,0
2934,0
2933,0
2948,0
2949,0
2947,0
2952,0
2953,0
2951,0
2954,0
2950,0
2946,0
2932,0
2931,0
2902,0
2896,0
2956,0
2960,0
2959,0
2963,0
2965,0
2964,0
2962,0
2961,0
2958,0
2970,0
2969,0
2968,0
2967,0
2977,0
2976,0
2975,0
2980,0
2979,0
2982,0
2981,0
2978,0
2974,0
2973,0
2984,0
2986,0
2989,0
2988,0
2992,0
2991,0
2996,0
2995,0
2998,0
2997,0
2994,0
2993,0
2990,0
2987,0
2985,0
2983,0
2972,0
3003,0
3006,0
3008,0
3007,0
3005,0
3011,0
3014,0
3013,0
3016,0
3015,0
3012,0
3010,0
3009,0
3004,0
3002,0
3001,0
3000,0
3020,0
3022,0
3021,0
3019,0
3018,0
3026,0
3025,0
3029,0
3030,0
3028,0
3027,0
3024,0
3032,0
3034,0
3036,0
3035,0
3033,0
3031,0
3023,0
3017,0
2999,0
2971,0
2966,0
2957,0
2955,0
2895,0
2875,0
2874,0
2870,0
3041,0
3043,0
3042,0
3040,0
3045,0
3044,0
3039,0
3049,0
3048,0
3050,0
3047,0
3053,0
3052,0
3057,0
3058,0
3056,0
3055,0
3062,0
3064,0
3067,0
3066,0
3065,0
3063,0
3061,0
3073,0
3072,0
3071,0
3070,0
3076,0
3075,0
3078,0
3081,0
3080,0
3084,0
3083,0
3082,0
3079,0
3077,0
3074,0
3069,0
3068,0
3060,0
3059,0
3054,0
3051,0
3046,0
3038,0
3089,0
3094,0
3093,0
3092,0
3091,0
3090,0
3088,0
3087,0
3098,0
3097,0
3102,0
3101,0
3105,0
3104,0
3108,0
3107,0
3110,0
3112,0
3111,0
3109,0
3106,0
3103,0
3100,0
3115,0
3114,0
3118,0
3117,0
3121,0
3120,0
3123,0
3125,0
3126,0
3124,0
3122,0
3119,0
3116,0
3113,0
3099,0
3096,0
3095,0
3086,0
3129,0
3132,0
3135,0
3134,0
3137,0
3139,0
3138,0
3136,0
3133,0
3131,0
3130,0
3128,0
3143,0
3142,0
3141,0
3147,0
3148,0
3146,0
3151,0
3150,0
3154,0
3153,0
3152,0
3149,0
3145,0
3160,0
3159,0
3158,0
3162,0
3161,0
3157,0
3166,0
3165,0
3172,0
3171,0
3170,0
3174,0
3177,0
3178,0
3176,0
3175,0
3173,0
3169,0
3168,0
3167,0
3164,0
3183,0
3184,0
3182,0
3187,0
3186,0
3185,0
3181,0
3180,0
3189,0
3194,0
3195,0
3193,0
3192,0
3201,1
3200,1
3204,1
3203,1
3206,1
3207,1
3205,1
3202,1
3199,1
3198,1
3212,1
3211,1
3215,1
3214,1
3213,1
3210,1
3209,1
3218,1
3217,1
3220,1
3223,1
3222,1
3226,1
3225,1
3224,1
3221,1
3219,1
3216,1
3208,1
3197,1
3196,1
3191,1
3190,0
3188,0
3179,0
3163,0
3156,0
3230,0
3229,0
3233,1
3232,1
3231,0
3228,0
3237,0
3242,0
3245,0
3244,0
3249,0
3248,0
3247,0
3251,0
3256,0
3255,0
3254,0
3253,0
3252,0
3250,0
3246,0
3243,0
3241,0
3259,0
3260,0
3258,0
3267,0
3266,0
3265,0
3268,0
3264,0
3263,0
3262,0
3271,0
3276,0
3275,0
3274,0
3273,0
3272,0
3270,0
3278,0
3282,0
3281,0
3280,0
3284,0
3288,0
3289,0
3287,0
3293,0
3292,0
3291,0
3297,0
3296,0
3295,0
3294,0
3290,0
3286,0
3285,0
3283,0
3279,0
3277,0
3269,0
3261,0
3257,0
3240,0
3239,0
3238,0
3236,0
3303,0
3302,0
3301,0
3300,0
3299,0
3307,0
3306,0
3305,0
3312,0
3313,0
3311,0
3315,0
3314,0
3310,0
3309,0
3308,0
3304,0
3298,0
3235,0
3327,0
3329,0
3328,0
3326,0
3325,0
3324,0
3323,0
3322,0
3321,0
3320,0
3333,0
3332,0
3331,0
3335,0
3339,0
3342,0
3341,0
3346,0
3345,0
3352,0
3354,0
3353,0
3351,0
3350,0
3349,0
3348,0
3357,0
3360,0
3362,0
3361,0
3359,0
3358,0
3356,0
3364,0
3366,0
3368,0
3367,0
3365,0
3363,0
3355,0
3347,0
3344,0
3343,0
3340,0
3338,0
3337,0
3336,0
3334,0
3330,0
3319,0
3318,0
3373,0
3375,0
3374,0
3372,0
3371,0
3370,0
3377,0
3381,0
3383,0
3382,1
3380,0
3379,0
3386,0
3385,0
3390,0
3393,0
3392,0
3395,0
3397,0
3398,0
3396,0
3394,0
3391,0
3389,0
3401,0
3400,0
3399,0
3388,0
3387,0
3384,0
3378,0
3376,0
3369,0
3317,0
3316,0
3234,0
3227,0
3155,0
3144,0
3140,0
3127,0
3085,0
3037,0
2869,0
2864,0
2854,0
3408,0
3413,0
3412,0
3411,0
3410,0
3409,0
3407,0
3417,0
3416,0
3419,0
3418,0
3415,0
3423,0
3422,0
3424,0
3421,0
3430,0
3433,0
3435,0
3434,0
3432,0
3431,0
3429,0
3428,0
3427,0
3438,0
3437,0
3442,0
3441,0
3440,0
3439,0
3436,0
3426,0
3425,0
3420,0
3414,0
3406,0
3405,0
3444,0
3450,0
3449,0
3451,0
3448,0
3452,0
3447,0
3446,0
3458,0
3457,0
3460,0
3468,0
3467,0
3466,0
3465,0
3469,0
3464,0
3463,0
3462,0
3461,0
3459,0
3456,0
3455,0
3454,0
3453,0
3445,0
3443,0
3404,0
3471,0
3473,0
3480,0
3484,0
3483,0
3482,0
3487,0
3489,0
3490,0
3488,0
3486,0
3492,0
3494,0
3496,0
3495,0
3493,0
3491,0
3485,0
3481,0
3479,0
3478,0
3477,0
3476,0
3504,0
3503,0
3502,0
3501,0
3500,0
3507,0
3506,0
3505,0
3499,0
3498,0
3511,0
3514,0
3513,0
3512,0
3510,0
3518,0
3517,0
3516,0
3515,0
3509,0
3522,0
3524,0
3528,0
3530,0
3532,0
3531,0
3529,0
3527,0
3526,0
3534,0
3538,0
3537,0
3536,0
3535,0
3533,0
3525,0
3523,0
3521,0
3542,0
3541,0
3546,0
3547,0
3545,0
3544,0
3543,0
3540,0
3551,0
3550,0
3549,0
3552,0
3548,0
3539,0
3520,0
3557,0
3556,0
3555,0
3559,0
3563,0
3565,0
3566,0
3564,0
3562,0
3561,0
3569,0
3570,0
3568,0
3573,0
3572,0
3576,0
3575,0
3574,0
3571,0
3567,0
3560,0
3558,0
3554,0
3581,0
3582,0
3580,0
3585,0
3588,0
3587,0
3590,0
3591,0
3589,0
3586,0
3584,0
3594,0
3593,0
3599,0
3598,0
3597,0
3596,0
3603,0
3606,0
3605,0
3604,0
3602,0
3601,0
3600,0
3595,0
3592,0
3583,0
3579,0
3578,0
3610,0
3609,0
3612,0
3613,0
3611,0
3608,0
3619,1
3618,1
3617,1
3616,1
3615,0
3614,0
3607,0
3577,0
3553,0
3519,0
3508,0
3497,0
3475,0
3474,0
3472,0
3470,0
3403,0
3624,0
3623,0
3622,0
3629,0
3630,0
3628,0
3632,0
3631,0
3627,0
3638,0
3641,0
3643,0
3642,0
3640,0
3639,0
3637,0
3636,0
3635,0
3634,0
3647,0
3646,0
3648,0
3645,0
3652,0
3651,0
3650,0
3658,0
3657,0
3656,0
3655,0
3654,0
3660,0
3662,0
3661,0
3659,0
3653,0
3649,0
3644,0
3633,0
3626,0
3666,0
3667,0
3665,0
3664,0
3671,0
3670,0
3669,0
3675,0
3677,0
3676,0
3674,0
3680,0
3681,0
3679,0
3685,0
3684,0
3686,0
3683,0
3688,0
3689,1
3687,0
3682,0
3678,0
3673,0
3694,0
3693,0
3697,0
3698,0
3696,0
3695,0
3692,0
3691,0
3701,0
3700,0
3704,0
3703,0
3708,0
3707,0
3710,0
3713,0
3712,0
3711,0
3709,0
3706,0
3705,0
3702,0
3699,0
3690,0
3672,0
3668,0
3663,0
3625,0
3621,0
3716,0
3719,0
3718,0
3717,0
3715,0
3724,0
3723,0
3728,0
3729,0
3727,0
3731,0
3734,0
3733,0
3735,0
3732,0
3730,0
3726,0
3725,0
3722,0
3740,0
3742,0
3744,0
3743,0
3741,0
3739,0
3738,0
3748,0
3752,0
3751,0
3750,0
3749,0
3747,0
3755,0
3758,0
3757,0
3760,0
3759,0
3756,0
3754,0
3753,0
3746,0
3766,0
3765,0
3764,0
3769,0
3772,0
3771,0
3770,0
3768,0
3775,0
3774,0
3781,0
3780,0
3784,0
3783,0
3782,0
3779,0
3778,0
3788,0
3787,0
3786,0
3790,0
3792,0
3791,0
3789,0
3785,0
3777,0
3776,0
3773,0
3767,0
3763,0
3795,0
3798,0
3797,0
3799,0
3796,0
3794,0
3803,0
3802,0
3807,0
3806,0
3805,0
3804,0
3801,0
3811,0
3810,0
3809,0
3816,0
3815,0
3821,0
3820,0
3819,0
3818,0
3817,0
3814,0
3825,0
3826,0
3824,0
3823,0
3828,0
3831,0
3830,0
3829,0
3827,0
3822,0
3813,0
3812,0
3808,0
3800,0
3793,0
3762,0
3837,0
3836,0
3835,0
3839,0
3843,0
3844,0
3842,0
3847,0
3848,0
3846,0
3852,0
3851,0
3850,0
3849,0
3845,0
3841,0
3840,0
3838,0
3834,0
3855,0
3856,0
3854,0
3863,0
3865,0
3868,0
3867,0
3870,0
3872,0
3871,0
3869,0
3866,0
3864,0
3862,0
3861,0
3860,0
3875,0
3874,0
3881,0
3880,0
3879,0
3878,0
3877,0
3876,0
3873,0
3859,0
3885,0
3884,0
3888,0
3887,0
3886,0
3883,0
3891,0
3890,0
3894,0
3896,0
3895,0
3893,0
3899,0
3902,0
3904,0
3906,0
3905,0
3903,0
3901,0
3900,0
3898,0
3909,0
3910,0
3908,0
3913,0
3912,0
3917,0
3916,0
3915,0
3920,0
3921,0
3919,0
3918,0
3914,0
3911,0
3907,0
3897,0
3892,0
3889,0
3882,0
3858,0
3857,0
3853,0
3833,0
3832,0
3761,0
3745,0
3737,0
3736,0
3721,0
3925,0
3929,0
3928,0
3931,0
3930,0
3927,0
3926,0
3924,0
3938,0
3937,0
3941,0
3942,0
3940,0
3945,0
3944,0
3943,0
3939,0
3936,0
3935,0
3934,0
3933,0
3950,0
3949,0
3948,0
3947,0
3954,0
3955,0
3953,0
3952,0
3962,0
3961,0
3960,0
3959,0
3966,0
3969,0
3968,0
3971,0
3974,0
3973,0
3975,0
3972,0
3970,0
3967,0
3965,0
3981,0
3980,0
3983,0
3986,0
3985,0
3984,0
3982,0
3979,0
3978,0
3977,0
3976,0
3964,0
3963,0
3958,0
3957,0
3991,0
3990,0
3994,0
3993,0
3992,0
3989,0
3997,0
3996,0
3995,0
3988,0
4002,0
4001,0
4004,0
4003,0
4000,0
4007,0
4006,0
4010,0
4012,0
4014,0
4013,0
4011,0
4009,0
4018,0
4017,0
4020,0
4021,0
4019,0
4016,0
4015,0
4008,0
4005,0
3999,0
4025,0
4027,0
4026,0
4024,0
4023,0
4031,0
4032,0
4030,0
4029,0
4036,0
4035,0
4040,0
4039,0
4038,0
4042,0
4041,0
4037,0
4034,0
4049,0
4048,0
4047,0
4046,0
4045,0
4044,0
4043,0
4033,0
4028,0
4022,0
3998,0
3987,0
3956,0
3951,0
3946,0
3932,0
3923,0
4057,0
4056,0
4055,0
4054,0
4053,0
4052,0
4051,0
4059,0
4065,0
4064,0
4063,0
4069,0
4068,0
4071,0
4070,0
4067,0
4073,0
4077,0
4079,0
4078,0
4076,0
4082,0
4081,0
4080,0
4075,0
4074,0
4072,0
4066,0
4062,0
4087,0
4090,0
4089,0
4092,0
4091,0
4088,0
4086,0
4085,0
4084,0
4094,0
4097,0
4096,0
4099,0
4102,0
4103,0
4101,0
4106,0
4105,0
4109,0
4112,0
4111,0
4114,0
4117,0
4119,0
4118,0
4116,0
4115,0
4113,0
4110,0
4108,0
4107,0
4104,0
4100,0
4098,0
4095,0
4093,0
4083,0
4061,0
4122,0
4125,0
4128,0
4127,0
4131,0
4136,0
4135,0
4134,0
4133,0
4132,0
4130,0
4129,0
4126,0
4124,0
2070,0
4123,0
4121,0
4120,0
4060,0
4058,0
4050,0
3922,0
3720,0
3714,0
3620,0
3402,0
2853,0
2851,0
2843,0
2827,0
2824,0
2774,0
2769,0
2764,0
2754,1
2728,1
2704,1
2703,1
2104,0
2101,0
2076,0
2072,1
ROOT,1
Clupea_harengus,1
Abbottina_rivularis,1
Abramis_brama,1
Abudefduf_sexfasciatus,0
Abyssocottus_korotneffi,0
Acantharchus_pomotis,1
Acanthemblemaria_aspera,0
Acanthemblemaria_betinensis,0
Acanthemblemaria_castroi,0
Acanthemblemaria_chaplini,0
Acanthemblemaria_crockeri,0
Acanthemblemaria_exilispinus,0
Acanthemblemaria_greenfieldi,0
Acanthemblemaria_hancocki,0
Acanthemblemaria_macrospilus,0
Acanthemblemaria_rivasi,0
Acanthocybium_solandri,0
Acantholabrus_palloni,0
Acanthopagrus_berda,0
Acanthopagrus_butcheri,0
Acanthostracion_polygonius,0
Acanthostracion_quadricornis,0
Acanthurus_achilles,0
Acanthurus_auranticavus,0
Acanthurus_bahianus,0
Acanthurus_bariene,0
Acanthurus_blochii,0
Acanthurus_chirurgus,0
Acanthurus_coeruleus,0
Acanthurus_guttatus,0
Acanthurus_japonicus,0
Acanthurus_leucocheilus,0
Acanthurus_leucosternon,0
Acanthurus_lineatus,0
Acanthurus_mata,0
Acanthurus_monroviae,0
Acanthurus_nigricans,0
Acanthurus_nigricauda,0
Acanthurus_nigrofuscus,0
Acanthurus_olivaceus,0
Acanthurus_pyroferus,0
Acanthurus_tennentii,0
Acanthurus_thompsoni,0
Acanthurus_triostegus,0
Acanthurus_xanthopterus,0
Acentrogobius_pflaumii,0
Acheilognathus_typus,1
Acreichthys_tomentosus,0
Acrocheilus_alutaceus,1
Acrossocheilus_monticola,0
Acrossocheilus_paradoxus,0
Aeoliscus_strigatus,0
Afurcagobius_tamarensis,0
Agosia_chrysogaster,1
Akarotaxis_nudiceps,0
Akihito_futuna,0
Akihito_vanuatu,0
Alburnus_alburnus,1
Alepocephalus_agassizii,0
Alepocephalus_antipodianus,0
Alepocephalus_bicolor,0
Alepocephalus_owstoni,0
Algansea_avia,1
Algansea_lacustris,1
Algansea_monticola,1
Algansea_tincella,1
Alloclinus_holderi,0
Allomycterus_pilatus,0
Alosa_alosa,0
Alosa_fallax,0
Alticus_saliens,0
Altolamprologus_calvus,0
Altolamprologus_compressiceps,0
Aluterus_heudelotii,0
Aluterus_monoceros,0
Aluterus_schoepfii,0
Aluterus_scriptus,0
Ambloplites_ariommus,1
Ambloplites_cavifrons,1
Ambloplites_constellatus,1
Ambloplites_rupestris,1
Amblycirrhitus_bimacula,0
Amblyeleotris_fasciata,0
Amblyeleotris_guttata,0
Amblyeleotris_gymnocephala,0
Amblyeleotris_periophthalma,0
Amblyeleotris_randalli,0
Amblyeleotris_steinitzi,0
Amblyeleotris_wheeleri,0
Amblyeleotris_yanoi,0
Amblygobius_nocturnus,0
Amblygobius_phalaena,0
Amblyopsis_spelaea,1
Amblypharyngodon_chulabhornae,0
Amblypharyngodon_mola,0
Ameiurus_nebulosus,1
Amia_calva,1
Ammodytes_tobianus,0
Amphiprion_akindynos,0
Amphiprion_melanopus,0
Anableps_anableps,0
Anablepsoides_hartii,0
Anablepsoides_iridescens,0
Anablepsoides_ophiomimus,0
Anarhichas_lupus,0
Anarhichas_minor,0
Andamia_reyi,0
Andamia_tetradactylus,0
Andinoacara_biseriatus,0
Andinoacara_coeruleopunctatus,0
Andinoacara_latifrons,0
Andinoacara_pulcher,0
Andinoacara_rivulatus,0
Andinoacara_stalsbergi,0
Anguilla_anguilla,0
Anguilla_japonica,0
Anoplocapros_inermis,0
Anoplocapros_lenticularis,0
Antennarius_striatus,0
Antigonia_capros,0
Aphanopus_carbo,0
Aphredoderus_sayanus,1
Aphyocypris_chinensis,1
Aphyosemion_ahli,0
Aphyosemion_australe,0
Aphyosemion_bivittatum,0
Aphyosemion_elberti,0
Aphyosemion_exigoideum,0
Aphyosemion_hofmanni,0
Aphyosemion_louessense,0
Aphyosemion_ocellatum,0
Aphyosemion_ogoense,0
Aphyosemion_primigenium,0
Apletodon_dentatus,0
Aplocheilus_lineatus,0
Aplochiton_zebra,1
Aplodactylus_punctatus,0
Aporops_bilinearis,0
Apteronotus_albifrons,1
Aracana_aurita,0
Arapaima_gigas,0
Archoplites_interruptus,1
Arenigobius_bifrenatus,0
Argentina_sialis,0
Argentina_silus,0
Argentina_sphyraena,0
Argentina_striata,0
Argyrosomus_regius,0
Ariopsis_felis,1
Aristostomias_scintillans,1
Aristostomias_tittmanni,1
Arnoglossus_imperialis,0
Arnoglossus_laterna,0
Arothron_diadematus,0
Arothron_hispidus,0
Arothron_immaculatus,0
Arothron_manilensis,0
Arothron_mappa,0
Arothron_meleagris,0
Arothron_nigropunctatus,0
Arothron_stellatus,0
Arripis_trutta,0
Artedidraco_lonnbergi,0
Artedidraco_orianae,0
Artedidraco_shackletoni,0
Artedidraco_skottsbergi,0
Aruma_histrio,0
Aspasma_minima,0
Astatotilapia_burtoni,0
Astatotilapia_calliptera,0
Asterropteryx_ensifera,0
Asterropteryx_semipunctata,0
Astronesthes_macropogon,0
Astronotus_ocellatus,0
Astyanax_mexicanus,1
Atherina_boyeri,0
Atherina_breviceps,0
Atherina_hepsetus,0
Atherina_presbyter,0
Atlantirivulus_haraldsiolii,0
Atlantirivulus_santensis,0
Atractoscion_aequidens,0
Atractosteus_tropicus,1
Auchenionchus_microcirrhis,0
Aulonocara_baenschi,0
Aulonocara_stuartgranti,0
Aulopus_filamentosus,0
Aulostomus_chinensis,0
Aurigequula_fasciata,0
Auriglobus_nefastus,0
Austrofundulus_leohoignei,0
Austrofundulus_limnaeus,0
Austrofundulus_transilis,0
Austrolebias_adloffi,0
Austrolebias_alexandri,0
Austrolebias_bellottii,0
Awaous_guamensis,0
Axoclinus_lucillae,0
Axoclinus_nigricaudus,0
Axoclinus_storeyae,0
Babka_gymnotrachelus,1
Bagarius_yarrelli,1
Baileychromis_centropomoides,0
Balistapus_undulatus,0
Balistes_capriscus,0
Balistes_polylepis,0
Balistes_punctatus,0
Balistes_vetula,0
Balistoides_conspicillum,0
Balistoides_viridescens,0
Bangana_dero,0
Bangana_lemassoni,0
Bangana_tonkinensis,0
Barbatula_barbatula,0
Barbatula_toni,0
Barbichthys_laevis,0
Barbonymus_gonionotus,0
Barbourisia_rufa,0
Barbulifer_ceuthoecus,0
Barbus_barbus,0
Barbus_callipterus,0
Barbus_fasciolatus,0
Barbus_leonensis,0
Barilius_barila,0
Barilius_bendelisis,0
Barilius_canarensis,0
Barilius_caudiocellatus,0
Barilius_vagra,0
Bathophilus_pawneei,0
Bathophilus_vaillanti,0
Bathybates_fasciatus,0
Bathydraco_antarcticus,0
Bathydraco_macrolepis,0
Bathydraco_marri,0
Bathydraco_scotiae,0
Bathygobius_cocosensis,0
Bathygobius_curacao,0
Bathygobius_soporator,0
Bathylagus_euryops,1
Batrachocottus_multiradiatus,0
Batrachocottus_nikolskii,0
Beaufortia_szechuanensis,0
Bedotia_geayi,0
Belligobio_nummifer,1
Belone_belone,0
Belonoperca_chabanaudi,0
Benthochromis_horii,0
Benthochromis_melanoides,0
Benthochromis_tricoti,0
Benthophilus_magistri,1
Benthosema_pterotum,1
Beryx_decadactylus,0
Beryx_splendens,0
Betadevario_ramachandrani,0
Biwia_zezera,1
Blenniella_chrysospilos,0
Blenniella_cyanostigma,0
Blennioclinus_stella,0
Blennophis_striatus,0
Bodianus_scrofa,0
Bonapartia_pedaliota,0
Boops_boops,0
Boraras_brigittae,0
Boraras_maculatus,0
Boraras_merah,0
Boraras_urophthalmoides,0
Bostockia_porosa,0
Bothus_podas,0
Botia_dario,0
Boulengerochromis_microlepis,0
Bovichtus_variegatus,0
Brachaluteres_jacksonianus,0
Brachyhypopomus_gauderio,1
Brachymystax_lenok,0
Brachypleura_novaezeelandiae,0
Brama_brama,0
Brevibora_dorsiocellata,0
Brosme_brosme,0
Brotula_barbata,0
Bryaninops_yongei,0
Brycinus_macrolepidotus,1
Buglossidium_luteum,0
Cabdio_morar,0
Cabillus_tongarevae,0
Caffrogobius_saldanha,0
Calliclinus_geniguttatus,0
Callionymus_filamentosus,0
Callionymus_lyra,0
Callionymus_maculatus,0
Callionymus_reticulatus,0
Callionymus_schaapii,0
Callochromis_macrops,0
Callogobius_bifasciatus,0
Callogobius_sclateri,0
Callopanchax_occidentalis,0
Campellolebias_brucei,0
Campostoma_anomalum,1
Campostoma_oligolepis,1
Campostoma_ornatum,1
Campostoma_pauciradii,1
Cancelloxus_longior,0
Candidia_barbata,1
Cantherhines_pardalis,0
Cantherhines_pullus,0
Canthidermis_maculata,0
Canthigaster_amboinensis,0
Canthigaster_bennetti,0
Canthigaster_callisterna,0
Canthigaster_compressa,0
Canthigaster_coronata,0
Canthigaster_figueiredoi,0
Canthigaster_jactator,0
Canthigaster_janthinoptera,0
Canthigaster_leoparda,0
Canthigaster_papua,0
Canthigaster_punctatissima,0
Canthigaster_rivulata,0
Canthigaster_rostrata,0
Canthigaster_smithae,0
Canthigaster_solandri,0
Canthigaster_valentini,0
Canthophrys_gongota,0
Caprichthys_gymnura,0
Capropygia_unistriata,0
Capros_aper,0
Caracanthus_unipinna,0
Caranx_crysos,0
Carassius_carassius,0
Carassius_gibelio,0
Carinotetraodon_irrubesco,0
Carinotetraodon_salivator,0
Carinotetraodon_travancoricus,0
Cataetyx_laticeps,0
Catostomus_commersonii,0
Centrarchus_macropterus,1
Centrolophus_niger,0
Cephalopholis_sonnerati,0
Cepola_macrophthalma,0
Ceratias_holboelli,0
Cerdale_floridana,0
Chaenocephalus_aceratus,0
Chaenodraco_wilsoni,0
Chaenopsis_alepidota,0
Chaenopsis_limbaughi,0
Chaenopsis_schmitti,0
Chaetodermis_penicilligerus,0
Chaetodon_semilarvatus,0
Chalceus_macrolepidotus,1
Chalinochromis_brichardi,0
Champsocephalus_esox,0
Champsocephalus_gunnari,0
Champsodon_snyderi,0
Channa_striata,0
Channichthys_rhinoceratus,0
Chanodichthys_erythropterus,1
Chanodichthys_mongolicus,1
Chanos_chanos,0
Characidium_fasciatum,1
Chascanopsetta_lugubris,0
Chauliodus_macouni,0
Chauliodus_sloani,0
Cheimarrichthys_fosteri,0
Chela_cachius,0
Chelaethiops_bibie,0
Chelaethiops_elongatus,0
Chelidonichthys_cuculus,0
Chelidonichthys_kumu,0
Chelidonichthys_lucerna,0
Chelidonichthys_obscurus,0
Chelon_labrosus,0
Chilomycterus_antennatus,0
Chilomycterus_antillarum,0
Chilomycterus_reticulatus,0
Chilomycterus_schoepfii,0
Chionobathyscus_dewitti,0
Chionodraco_hamatus,0
Chionodraco_myersi,0
Chionodraco_rastrospinosus,0
Chlorophthalmus_agassizi,0
Chloroscombrus_chrysurus,0
Chologaster_cornuta,1
Chonerhinos_naritus,0
Chromis_limbata,0
Chromis_viridis,0
Chromobotia_macracanthus,0
Chrosomus_erythrogaster,1
Chrysiptera_cyanea,0
Chrysiptera_rex,0
Chrysophrys_auratus,0
Chrysophrys_major,0
Chuanchia_labiosa,0
Ciliata_septentrionalis,0
Cirrhinus_cirrhosus,0
Cirrhinus_microlepis,0
Cirrhinus_molitorella,0
Cirrhinus_mrigala,0
Cirrhitus_pinnulatus,0
Cirriemblemaria_lucasana,0
Cirripectes_castaneus,0
Cirripectes_filamentosus,0
Cirripectes_quagga,0
Cirripectes_stigmaticus,0
Citharoides_macrolepis,0
Citharus_linguatula,0
Clarias_gariepinus,1
Clinostomus_funduloides,1
Clinus_acuminatus,0
Clinus_agilis,0
Clinus_arborescens,0
Clinus_cottoides,0
Clinus_musaicus,0
Clinus_spatulatus,0
Clinus_superciliosus,0
Clinus_venustris,0
Cnesterodon_decemmaculatus,0
Cnesterodon_hypselurus,0
Cobitis_biwae,0
Cobitis_shikokuensis,0
Cobitis_striata,0
Cobitis_takatsuensis,0
Codoma_ornata,1
Coilia_dussumieri,0
Colomesus_asellus,0
Conger_conger,0
Conger_japonicus,0
Copadichromis_borleyi,0
Coptodon_bakossiorum,0
Coptodon_bemini,0
Coptodon_rendalli,0
Coptodon_snyderae,0
Coralliozetus_angelicus,0
Coralliozetus_boehlkei,0
Coralliozetus_cardonae,0
Coralliozetus_micropes,0
Coralliozetus_springeri,0
Coregonus_autumnalis,1
Coregonus_hoyi,1
Coregonus_kiyi,0
Coregonus_zenithicus,1
Coreoleuciscus_splendidus,1
Coreoperca_kawamebari,0
Corydoras_rabauti,1
Coryphaena_equiselis,0
Coryphaena_hippurus,0
Coryphaenoides_carapinus,0
Coryphaenoides_leptolepis,0
Coryphaenoides_profundicolus,0
Coryphaenoides_rupestris,0
Coryphoblennius_galerita,0
Coryphopterus_dicrus,0
Coryphopterus_hyalinus,0
Coryphopterus_personatus,0
Coryphopterus_punctipectophorus,0
Cottinella_boulengeri,0
Cottocomephorus_grewingkii,0
Cottocomephorus_inermis,0
Cottoperca_gobio,0
Cottunculus_thomsonii,0
Cotylopus_acutipinnis,0
Cotylopus_rubripinnis,0
Couesius_plumbeus,1
Cranoglanis_bouderius,1
Cremnochorites_capensis,0
Crenicichla_frenata,0
Creteuchiloglanis_kamengensis,1
Cristiceps_australis,0
Crossocheilus_nigriloba,0
Crossocheilus_oblongus,0
Crossocheilus_reticulatus,0
Cryodraco_antarcticus,0
Cryodraco_atkinsoni,0
Cryptocentrus_albidorsus,0
Cryptocentrus_cinctus,0
Cryptocentrus_inexplicatus,0
Cryptocentrus_leptocephalus,0
Cryptocentrus_lutheri,0
Cryptocentrus_nigrocellatus,0
Ctenochaetus_binotatus,0
Ctenochaetus_striatus,0
Ctenochaetus_strigosus,0
Ctenochaetus_truncatus,0
Ctenogobiops_aurocingulus,0
Ctenogobiops_formosa,0
Ctenogobiops_mitodes,0
Ctenogobiops_tangaroai,0
Ctenogobiops_tongaensis,0
Ctenolucius_hujeta,1
Ctenopharyngodon_idella,1
Cubiceps_gracilis,0
Culter_alburnus,1
Culter_flavipinnis,1
Cyathopharynx_furcifer,0
Cycleptus_elongatus,1
Cyclocheilichthys_janthochir,1
Cyclopterus_lumpus,0
Cygnodraco_mawsoni,0
Cynodonichthys_magdalenae,0
Cynodonichthys_tenuis,0
Cynoglossus_browni,0
Cynoglossus_senegalensis,0
Cynoscion_regalis,0
Cynotilapia_afra,0
Cyphotilapia_frontosa,0
Cyprichromis_coloratus,0
Cyprichromis_leptosoma,0
Cyprichromis_microlepidotus,0
Cyprichromis_pavo,0
Cyprichromis_zonatus,0
Cyprinella_bocagrande,1
Cyprinella_formosa,1
Cyprinella_garmani,1
Cyprinella_lutrensis,1
Cyprinella_monacha,1
Cyprinella_proserpina,1
Cyprinella_rutila,1
Cyprinella_xanthicara,1
Cyprinus_carpio,0
Dacodraco_hunteri,0
Dactyloptena_orientalis,0
Dactylopterus_volitans,0
Dactyloscopus_lacteus,0
Dallia_pectoralis,0
Danio_aesculapii,0
Danio_albolineatus,0
Danio_choprae,0
Danio_dangila,0
Danio_erythromicron,0
Danio_feegradei,0
Danio_kerri,0
Danio_kyathit,0
Danio_margaritatus,0
Danio_meghalayensis,0
Danio_nigrofasciatus,0
Danio_rerio,0
Danio_roseus,0
Danio_tinwini,0
Danionella_dracula,0
Danionella_mirifica,0
Dascyllus_aruanus,0
Dascyllus_trimaculatus,0
Dawkinsia_arulius,0
Dawkinsia_assimilis,0
Dawkinsia_filamentosa,0
Dawkinsia_tambraparniei,0
Delminichthys_adspersus,1
Delminichthys_ghetaldii,1
Delminichthys_jadovensis,1
Delminichthys_krbavensis,1
Dendrochirus_biocellatus,0
Dentex_angolensis,0
Dentex_canariensis,0
Dentex_dentex,0
Dentex_gibbosus,0
Dentex_macrophthalmus,0
Dentex_maroccanus,0
Denticeps_clupeoides,1
Devario_aequipinnatus,0
Devario_annandalei,0
Devario_apogon,0
Devario_chrysotaeniatus,0
Devario_devario,0
Devario_kakhienensis,0
Devario_laoensis,0
Devario_malabaricus,0
Devario_pathirana,0
Devario_regina,0
Devario_shanensis,0
Devario_sondhii,0
Devario_xyrops,0
Dialommus_macrocephalus,0
Diaphus_metopoclampus,0
Diaphus_watasei,0
Diapterus_auratus,0
Dicentrarchus_labrax,0
Dicentrarchus_punctatus,0
Dicologlossa_cuneata,0
Dimidiochromis_compressiceps,0
Diodon_holocanthus,0
Diodon_hystrix,0
Diodon_liturosus,0
Diodon_nicthemerus,0
Dionda_argentosa,1
Dionda_diaboli,1
Dionda_episcopa,1
Dionda_melanops,1
Dionda_nigrotaeniata,1
Dionda_serena,1
Diplodus_annularis,0
Diplodus_puntazzo,0
Diplodus_sargus_cadenati,0
Diplodus_vulgaris,0
Diplomystes_nahuelbutaensis,1
Diplotaxodon_macrops,0
Discocheilus_wui,0
Discogobio_brachyphysallidos,0
Discogobio_macrophysallidos,0
Discogobio_tetrabarbatus,0
Discogobio_yunnanensis,0
Discolabeo_wuluoheensis,0
Dissostichus_eleginoides,0
Dissostichus_mawsoni,0
Distichodus_antonii,1
Dolloidraco_longedorsalis,0
Dorosoma_cepedianum,0
Echiichthys_vipera,0
Echiodon_cryomargarites,0
Economidichthys_pygmaeus,0
Ecsenius_midas,0
Ecsenius_nalolo,0
Ecsenius_opsifrontalis,0
Ecsenius_pardus,0
Eigenmannia_virescens,1
Ekemblemaria_myersi,0
Ekemblemaria_nigra,0
Elacatinus_atronasus,0
Elacatinus_chancei,0
Elacatinus_evelynae,0
Elacatinus_figaro,0
Elacatinus_genie,0
Elacatinus_horsti,0
Elacatinus_illecebrosus,0
Elacatinus_limbaughi,0
Elacatinus_lori,0
Elacatinus_louisae,0
Elacatinus_oceanops,0
Elacatinus_prochilos,0
Elacatinus_puncticulatus,0
Elacatinus_randalli,0
Elacatinus_xanthiprora,0
Elassoma_alabamae,0
Elassoma_boehlkei,0
Elassoma_evergladei,0
Elassoma_gilberti,0
Elassoma_zonatum,0
Electrona_antarctica,1
Eleginops_maclovinus,0
Eleutheronema_rhadinum,0
Ellopostoma_mystax,0
Elopichthys_bambusa,1
Elops_saurus,0
Embiotoca_jacksoni,0
Emblemaria_diphyodontis,0
Emblemaria_hypacanthus,0
Emblemaria_nivipes,0
Emblemaria_pandionis,0
Emblemaria_piratica,0
Emblemariopsis_randalli,0
Emblemariopsis_signifer,0
Enchelycore_anatina,0
Enchelyopus_cimbrius,0
Engraulicypris_sardella,0
Engraulis_encrasicolus,0
Engraulis_japonicus,0
Enneacanthus_chaetodon,1
Enneacanthus_gloriosus,1
Enneacanthus_obesus,0
Enneanectes_altivelis,0
Enneanectes_boehlkei,0
Enneanectes_carminalis,0
Enneapterygius_abeli,0
Enneapterygius_gruschkai,0
Enneapterygius_tutuilae,0
Enoplosus_armatus,0
Entomacrodus_chiostictus,0
Entomacrodus_nigricans,0
Entomacrodus_niuafoouensis,0
Entomacrodus_striatus,0
Eopsetta_jordani,0
Epalzeorhynchos_bicolor,0
Epigonus_telescopus,0
Epinephelus_aeneus,0
Epinephelus_costae,0
Epinephelus_guttatus,0
Epinephelus_marginatus,0
Epinephelus_tauvina,0
Epiplatys_bifasciatus,0
Epiplatys_lamottei,0
Epiplatys_singa,0
Erimystax_dissimilis,1
Erythrocles_monodi,0
Esomus_ahli,0
Esomus_caudiocellatus,0
Esomus_longimanus,0
Esomus_metallicus,0
Esox_lucius,1
Esox_reichertii,1
Etheostoma_rufilineatum,0
Euchiloglanis_kishinouyei,1
Eucinostomus_gula,0
Eugerres_plumieri,0
Eurypharynx_pelecanoides,0
Eustomias_acinosus,0
Eustomias_filifer,0
Euthynnus_alletteratus,0
Eutrigla_gurnardus,0
Eviota_afelei,0
Exoglossum_laurae,1
Exoglossum_maxillingua,1
Exostoma_labiatum,1
Exyrias_belissimus,0
Favonigobius_exquisitus,0
Favonigobius_melanobranchus,0
Favonigobius_reichei,0
Fistularia_petimba,0
Forbesichthys_agassizii,1
Forbesichthys_papilliferus,1
Formosania_fascicauda,0
Forsterygion_lapillum,0
Fundulopanchax_mirabilis,0
Fusigobius_duospilus,0
Fusigobius_neophytus,0
Fusigobius_signipinnis,0
Gadiculus_argenteus,0
Gadopsis_marmoratus,0
Gadus_morhua,0
Gadus_ogac,0
Gagata_dolichonema,1
Gaidropsarus_mediterraneus,0
Galaxias_brevipinnis,1
Galaxias_gollumoides,1
Galaxias_maculatus,1
Galaxias_neocaledonicus,1
Galaxias_paucispondylus,1
Galaxias_platei,1
Galaxias_zebratus,1
Garra_bicornuta,0
Garra_ceylonensis,0
Garra_congoensis,0
Garra_fasciacauda,0
Garra_flavatra,0
Garra_fuliginosa,0
Garra_kempi,0
Garra_lamta,0
Garra_lissorhynchus,0
Garra_makiensis,0
Garra_micropulvinus,0
Garra_mirofrontis,0
Garra_mullya,0
Garra_nasuta,0
Garra_orientalis,0
Garra_ornata,0
Garra_rufa,0
Garra_spilota,0
Garra_tengchongensis,0
Garra_waterloti,0
Gasterochisma_melampus,0
Gasterosteus_aculeatus,0
Gempylus_serpens,0
Gerlachea_australis,0
Gerres_cinereus,0
Gibbonsia_elegans,0
Gibbonsia_metzi,0
Gibbonsia_montereyensis,0
Gila_atraria,1
Gila_brevicauda,1
Gila_conspersa,1
Gila_cypha,1
Gila_ditaenia,1
Gila_elegans,1
Gila_eremica,1
Gila_minacae,1
Gila_modesta,1
Gila_nigra,1
Gila_nigrescens,1
Gila_orcuttii,1
Gila_pandora,1
Gila_pulchra,1
Gila_purpurea,1
Gila_robusta,1
Gila_seminuda,1
Gillellus_uranidea,0
Ginsburgellus_novemlineatus,0
Girella_punctata,0
Glaridoglanis_andersonii,1
Glaucosoma_buergeri,0
Glaucosoma_hebraicum,0
Glaucosoma_magnificum,0
Glaucosoma_scapulare,0
Glyptocephalus_cynoglossus,0
Glyptosternon_maculatum,1
Glyptothorax_trilineatus,1
Gnathanodon_speciosus,0
Gnathochromis_permaxillaris,0
Gnathodentex_aureolineatus,0
Gnatholebias_zonatus,0
Gnatholepis_cauerensis,0
Gnathopogon_elongatus,1
Gnathopogon_herzensteini,1
Gobiesox_juradoensis,0
Gobiesox_pinniger,0
Gobiesox_rhessodon,0
Gobio_coriparoides,1
Gobio_cynocephalus,1
Gobio_gobio,1
Gobiobotia_meridionalis,1
Gobiobotia_pappenheimi,1
Gobiodon_histrio,0
Gobiodon_quinquestrigatus,0
Gobionotothen_acuta,0
Gobionotothen_gibberifrons,0
Gobiosoma_bosc,0
Gobiosoma_chiquita,0
Gobius_niger,0
Gonorynchus_greyi,0
Grammatotria_lemairii,0
Grammicolepis_brachiusculus,0
Grammistops_ocellatus,0
Greenwoodochromis_bellcrossi,0
Gunnellichthys_monostigma,0
Gymnocephalus_cernua,1
Gymnocypris_eckloni,0
Gymnocypris_waddellii,0
Gymnodraco_acuticeps,0
Gymnothorax_bacalladoi,0
Gymnothorax_favagineus,0
Gymnothorax_maderensis,0
Gymnothorax_miliaris,0
Gymnothorax_polygonius,0
Gymnothorax_reticularis,0
Gymnothorax_unicolor,0
Gymnotus_cylindricus,1
Gyrinocheilus_aymonieri,0
Gyrinocheilus_pennocki,0
Haemulon_aurolineatum,0
Hainania_serrata,1
Halobatrachus_didactylus,0
Halosauropsis_macrochir,0
Haludaria_fasciata,0
Hampala_macrolepidota,0
Haplochromis_degeni,0
Haplochromis_fischeri,0
Haplochromis_nyererei,0
Haplochromis_pyrrhocephalus,0
Haplochromis_riponianus,0
Haplotaxodon_microlepis,0
Haplotaxodon_trifasciatus,0
Harpagifer_antarcticus,0
Helcogramma_ellioti,0
Helcogramma_fuscopinna,0
Helicolenus_dactylopterus,0
Hemibarbus_labeo,1
Hemibarbus_maculatus,1
Hemibarbus_mylodon,1
Hemibates_stenosoma,0
Hemiculter_bleekeri,1
Hemiculter_leucisculus,1
Hemiculter_lucidus,1
Hemiemblemaria_simulus,0
Hemigrammocypris_rasborella,1
Hemitremia_flammea,1
Henicorhynchus_lineatus,0
Henicorhynchus_lobatus,0
Henicorhynchus_ornatipinnis,0
Henicorhynchus_siamensis,0
Hepsetus_odoe,1
Hesperoleucus_symmetricus,1
Heteroclinus_adelaidae,0
Heteropriacanthus_cruentatus,0
Heterostichus_rostratus,0
Hippichthys_penicillus,0
Hippocampus_bargibanti,0
Hippocampus_breviceps,0
Hippocampus_erectus,0
Hippocampus_guttulatus,0
Hippocampus_hippocampus,0
Hippocampus_ingens,0
Hippocampus_patagonicus,0
Hippocampus_reidi,0
Hippocampus_zosterae,0
Hippoglossoides_platessoides,0
Hippoglossus_hippoglossus,0
Hippoglossus_stenolepis,0
Histiobranchus_bathybius,0
Histiodraco_velifer,0
Holacanthus_ciliaris,0
Homaloptera_leonardi,0
Homaloptera_parclitella,0
Hongshuia_paoli,0
Hoplias_malabaricus,1
Hoplostethus_atlanticus,0
Horadandia_atukorali,0
Howella_brodiei,0
Huso_huso,1
Hybognathus_nuchalis,1
Hybognathus_placitus,1
Hybopsis_winchelli,1
Hydrolycus_armatus,1
Hypentelium_nigricans,0
Hyperoplus_lanceolatus,0
Hypleurochilus_aequipinnis,0
Hypleurochilus_fissicornis,0
Hypomesus_nipponensis,0
Hypophthalmichthys_molitrix,1
Hypophthalmichthys_nobilis,1
Hypselobarbus_jerdoni,0
Hypsoblennius_brevipinnis,0
Hypsoblennius_caulopus,0
Hypsoblennius_gentilis,0
Hypsoblennius_gilberti,0
Hypsoblennius_hentz,0
Hypsoblennius_jenkinsi,0
Hypsolebias_flammeus,0
Hypsolebias_flavicaudatus,0
Hypsolebias_magnificus,0
Ictalurus_punctatus,0
Idiacanthus_antrostomus,0
Idiotropiscis_lumnitzeri,0
Incisilabeo_behri,0
Indostomus_paradoxus,0
Iotichthys_phlegethontis,1
Ischikauia_steenackeri,1
Iso_natalensis,0
Istiblennius_dussumieri,0
Istiblennius_edentulus,0
Istiblennius_lineatus,0
Istigobius_decoratus,0
Istigobius_rigilius,0
Istiompax_indica,0
Istiophorus_platypterus,0
Jenynsia_onca,0
Julidochromis_dickfeldi,0
Julidochromis_marlieri,0
Julidochromis_ornatus,0
Julidochromis_regani,0
Kajikia_albida,0
Kajikia_audax,0
Kali_macrura,0
Kathetostoma_giganteum,0
Katsuwonus_pelamis,0
Kentrocapros_rosapinto,0
Knipowitschia_milleri,0
Konia_dikume,0
Konia_eisentrauti,0
Kottelatia_brittani,0
Kraemeria_bryani,0
Kraemeria_cunicularia,0
Kryptolebias_caudomarginatus,0
Kryptolebias_marmoratus,0
Kryptopterus_minor,1
Kuhlia_caudavittata,0
Kuhlia_malo,0
Kuhlia_marginata,0
Kuhlia_mugil,0
Kuhlia_munda,0
Kuhlia_nutabunda,0
Kuhlia_petiti,0
Kuhlia_rupestris,0
Kuhlia_salelea,0
Kuhlia_sandvicensis,0
Kuhlia_sauvagii,0
Kuhlia_xenura,0
Kyphosus_vaigiensis,0
Labeo_angra,0
Labeo_bata,0
Labeo_batesii,0
Labeo_boga,0
Labeo_calbasu,0
Labeo_chrysophekadion,0
Labeo_cyclorhynchus,0
Labeo_forskalii,0
Labeo_horie,0
Labeo_niloticus,0
Labeo_parvus,0
Labeo_rohita,0
Labeo_senegalensis,0
Labeo_stolizkae,0
Labeo_weeksii,0
Labeo_yunnanensis,0
Labeotropheus_fuelleborni,0
Labeotropheus_trewavasae,0
Labidochromis_caeruleus,0
Labiobarbus_lineatus,0
Labiobarbus_ocellatus,0
Labiobarbus_siamensis,0
Labrisomus_haitiensis,0
Labrisomus_nigricinctus,0
Labrisomus_nuchipinnis,0
Labrisomus_xanti,0
Labrus_bergylta,0
Labrus_mixtus,0
Lacantunia_enigmatica,1
Lactarius_lactarius,0
Lactophrys_trigonus,0
Lactoria_cornuta,0
Lactoria_diaphana,0
Lagocephalus_guentheri,0
Lagocephalus_laevigatus,0
Lagocephalus_lunaris,0
Lagocephalus_suezensis,0
Lagocephalus_wheeleri,0
Laimosemion_mahdiaensis,0
Lampris_guttatus,0
Lampris_immaculatus,0
Lamprogrammus_shcherbachevi,0
Lamprologus_callipterus,0
Lamprologus_lemairii,0
Lamprologus_ocellatus,0
Lateolabrax_japonicus,0
Lates_calcarifer,0
Lates_niloticus,0
Latridopsis_ciliaris,0
Laubuca_caeruleostigmata,0
Laubuca_dadiburjori,0
Lavinia_exilicauda,1
Lefua_costata,0
Lefua_echigonia,0
Leiarius_pictus,1
Lentipes_armatus,0
Lentipes_kaaea,0
Leocottus_kesslerii,1
Lepadogaster_lepadogaster,0
Lepidiolamprologus_attenuatus,0
Lepidiolamprologus_elongatus,0
Lepidiolamprologus_kendalli,0
Lepidiolamprologus_mimicus,0
Lepidiolamprologus_profundicola,0
Lepidoblepharon_ophthalmolepis,0
Lepidogalaxias_salamandroides,0
Lepidomeda_albivallis,1
Lepidomeda_vittata,1
Lepidonectes_corallicola,0
Lepidonotothen_squamifrons,0
Lepidopus_caudatus,0
Lepidorhombus_boscii,0
Lepidorhombus_whiffiagonis,0
Lepidotrigla_cavillone,0
Lepisosteus_oculatus,1
Lepisosteus_osseus,1
Lepomis_auritus,1
Lepomis_cyanellus,1
Lepomis_gibbosus,1
Lepomis_gulosus,1
Lepomis_humilis,1
Lepomis_macrochirus,1
Lepomis_marginatus,1
Lepomis_megalotis,1
Lepomis_microlophus,1
Lepomis_miniatus,1
Lepomis_punctatus,1
Lepomis_symmetricus,1
Leptobarbus_hoevenii,0
Leptobotia_pellegrini,0
Leptocypris_niloticus,0
Lethrinops_parvidens,0
Lethrinus_olivaceus,0
Lichia_amia,0
Limanda_limanda,0
Limia_heterandria,0
Limnochromis_abeelei,0
Limnochromis_staneri,0
Limnocottus_bergianus,0
Limnocottus_pallidus,0
Liobagrus_anguillicauda,1
Liopropoma_lunulatum,0
Liparis_fabricii,0
Liparis_montagui,0
Lipophrys_pholis,0
Lipophrys_trigloides,0
Lithognathus_mormyrus,0
Liza_aurata,0
Llanolebias_stellifer,0
Lophius_budegassa,0
Lophius_piscatorius,0
Lophogobius_cyprinoides,0
Lopholatilus_chamaeleonticeps,0
Lovettia_sealii,1
Lucania_goodei,0
Lucayablennius_zingaro,0
Lucifuga_dentata,0
Lucifuga_simile,0
Lucifuga_subterranea,0
Luciobrama_macrocephalus,1
Luciosoma_bleekeri,0
Luciosoma_setigerum,0
Lutjanus_analis,0
Lutjanus_sebae,0
Luxilus_chrysocephalus,1
Lycodapus_antarcticus,0
Lycodes_terraenovae,0
Lythrypnus_dalli,0
Lythrypnus_zebra,0
Macrhybopsis_aestivalis,1
Macrochirichthys_macrochirus,1
Macruronus_novaezelandiae,0
Mahidolia_mystacina,0
Makaira_nigricans,0
Malacoctenus_aurolineatus,0
Malacoctenus_boehlkei,0
Malacoctenus_ebisui,0
Malacoctenus_gigas,0
Malacoctenus_hubbsi,0
Malacoctenus_tetranemus,0
Malacoctenus_triangulatus,0
Malacoctenus_zacae,0
Malacoctenus_zonifer,0
Malacoctenus_zonogaster,0
Malapterurus_microstoma,1
Malayochela_maassi,0
Mancopsetta_maculata,0
Maratecoara_formosa,0
Margariscus_margarita,1
Marilyna_darwinii,0
Mastacembelus_erythrotaenia,0
Maylandia_zebra,0
Mccoskerichthys_sandae,0
Meda_fulgida,1
Megalobrama_amblycephala,1
Megalops_atlanticus,0
Meiacanthus_oualanensis,0
Mekongina_erythrospila,0
Melamphaes_suborbitalis,0
Melanochromis_auratus,0
Melanochromis_vermivorus,0
Melanogrammus_aeglefinus,0
Melanorivulus_pictus,0
Melanorivulus_punctatus,0
Melanorivulus_violaceus,0
Melanotaenia_lacustris,0
Melichthys_indicus,0
Melichthys_niger,0
Melichthys_vidua,0
Mene_maculata,0
Menidia_menidia,0
Menticirrhus_americanus,0
Merlangius_merlangus,0
Merluccius_australis,0
Merluccius_capensis,0
Merluccius_hubbsi,0
Merluccius_merluccius,0
Merluccius_paradoxus,0
Merluccius_polli,0
Merluccius_productus,0
Merluccius_senegalensis,0
Mesogobius_batrachocephalus,1
Metzia_formosae,1
Metzia_lineata,1
Meuschenia_trachylepis,0
Microcanthus_strigatus,0
Microchirus_azevia,0
Microchirus_variegatus,0
Microdesmus_bahianus,0
Microdesmus_carri,0
Microdesmus_longipinnis,0
Microdevario_gatesi,0
Microdevario_kubotai,0
Microglanis_iheringi,1
Microgobius_microlepis,0
Microlipophrys_bauchotae,0
Microlipophrys_caboverdensis,0
Microlipophrys_canevae,0
Microlipophrys_dalmatinus,0
Microlipophrys_velifer,0
Micromesistius_poutassou,0
Microphysogobio_amurensis,1
Microphysogobio_elongatus,1
Microphysogobio_longidorsalis,1
Micropterus_cataractae,1
Micropterus_coosae,1
Micropterus_dolomieu,1
Micropterus_floridanus,1
Micropterus_notius,1
Micropterus_punctulatus,1
Micropterus_salmoides,1
Micropterus_treculii,1
Microrasbora_rubescens,0
Microstomus_kitt,0
Minytrema_melanops,0
Misgurnus_anguillicaudatus,0
Misgurnus_nikolskyi,0
Moapa_coriacea,1
Mola_mola,0
Molva_dypterygia,0
Molva_molva,0
Monacanthus_chinensis,0
Monacanthus_ciliatus,0
Monopterus_albus,0
Monotaxis_grandoculis,0
Moolgarda_cunnesius,0
Mora_moro,0
Mormyrops_anguilloides,0
Morone_saxatilis,0
Mugil_cephalus,0
Mullus_surmuletus,0
Muraena_augusti,0
Muraena_helena,0
Muraena_melanotis,0
Muraena_robusta,0
Muraenoclinus_dorsalis,0
Myaka_myaka,0
Mycteroperca_fusca,0
Mycteroperca_rubra,0
Mylocheilus_caurinus,1
Mylopharodon_conocephalus,1
Mylopharyngodon_piceus,1
Myoxocephalus_quadricornis,1
Myoxocephalus_scorpius,0
Myripristis_berndti,0
Myripristis_violacea,0
Myxocyprinus_asiaticus,0
Nannosalarias_nativitatis,0
Nannostomus_beckfordi,1
Naso_brevirostris,0
Naso_elegans,0
Naso_lituratus,0
Naso_unicornis,0
Naso_vlamingii,0
Nemadactylus_macropterus,0
Nemadactylus_monodactylus,0
Nemateleotris_magnifica,0
Nematolebias_whitei,0
Neobola_bottegoi,0
Neobythites_sivicola,0
Neochanna_burrowsius,1
Neoclinus_blanchardi,0
Neocyttus_helgae,0
Neofundulus_paraguayensis,0
Neolamprologus_brichardi,0
Neolamprologus_buescheri,0
Neolamprologus_fasciatus,0
Neolamprologus_furcifer,0
Neolamprologus_leleupi,0
Neolamprologus_mondabu,0
Neolamprologus_obscurus,0
Neolamprologus_sexfasciatus,0
Neolamprologus_tetracanthus,0
Neolamprologus_tretocephalus,0
Neolamprologus_variostigma,0
Neolamprologus_ventralis,0
Neomerinthe_hemingwayi,0
Neoniphon_argenteus,1
Neoniphon_aurolineatus,0
Neoniphon_sammara,1
Neopagetopsis_ionah,0
Neopomacentrus_bankieri,0
Neosalanx_anderssoni,1
Nerophis_lumbriciformis,0
Nes_longus,0
Nimbochromis_fuscotaeniatus,0
Niphon_spinosus,0
Nipponocypris_sieboldii,1
Nipponocypris_temminckii,1
Nocomis_asper,1
Nocomis_biguttatus,1
Nocomis_effusus,1
Nocomis_leptocephalus,1
Nocomis_micropogon,1
Nocomis_raneyi,1
Notacanthus_bonaparte,0
Notemigonus_crysoleucas,1
Nothobranchius_orthonotus,0
Notolepis_coatsi,0
Notothenia_angustata,0
Notothenia_coriiceps,0
Notothenia_neglecta,0
Notropis_atherinoides,1
Notropis_baileyi,1
Notropis_blennius,1
Notropis_boucardi,1
Notropis_calientis,1
Notropis_chiliticus,1
Notropis_chlorocephalus,1
Notropis_chrosomus,1
Notropis_imeldae,1
Notropis_leuciodus,1
Notropis_longirostris,1
Notropis_lutipinnis,1
Notropis_moralesi,1
Notropis_nubilus,1
Notropis_petersoni,1
Notropis_rubellus,1
Notropis_rubricroceus,1
Notropis_spectrunculus,1
Notropis_texanus,1
Notropis_volucellus,1
Oblada_melanura,0
Ochetobius_elongatus,1
Odax_pullus,0
Odontanthias_chrysostictus,0
Odonus_niger,0
Omegophora_armilla,0
Omobranchus_anolius,0
Omobranchus_obliquus,0
Oncorhynchus_clarkii,0
Oncorhynchus_gorbuscha,0
Oncorhynchus_keta,0
Oncorhynchus_kisutch,0
Oncorhynchus_mykiss,0
Oncorhynchus_nerka,0
Oncorhynchus_tshawytscha,0
Onigocia_bimaculata,0
Onychostoma_barbatulum,0
Onychostoma_ovale,0
Ophioblennius_macclurei,0
Ophioblennius_steindachneri,0
Ophiocara_porocephala,0
Ophiogobius_jenynsi,0
Ophisurus_macrorhynchos,0
Ophthalmolebias_bokermanni,0
Ophthalmolebias_constanciae,0
Ophthalmotilapia_nasuta,0
Ophthalmotilapia_ventralis,0
Oplopomus_oplopomus,0
Opsanus_pardus,0
Opsaridium_boweni,0
Opsaridium_peringueyi,0
Opsaridium_ubangiense,0
Opsariichthys_bidens,1
Opsariichthys_evolans,1
Opsariichthys_pachycephalus,1
Opsariichthys_uncirostris,1
Opsarius_koratensis,0
Opsarius_pulchellus,0
Oregonichthys_crameri,1
Oreichthys_cosuatis,0
Oreochromis_niloticus,0
Oreonectes_platycephalus,0
Orthodon_microlepidotus,1
Oryzias_latipes,0
Osmerus_eperlanus,1
Osteochilus_lini,0
Osteochilus_microcephalus,0
Osteochilus_salsburyi,0
Osteochilus_vittatus,0
Osteochilus_waandersii,0
Osteoglossum_bicirrhosum,0
Ostorhinchus_fasciatus,0
Ostracion_cubicus,0
Ostracion_meleagris,0
Ostracion_rhinorhynchos,0
Ostracion_solorensis,0
Ostracion_whitleyi,0
Otopharynx_brooksi,0
Otopharynx_heterodon,0
Oxygaster_anomalura,1
Oxymonacanthus_longirostris,0
Pachypanchax_omalonotus,0
Pachypanchax_playfairii,0
Pachypanchax_sakaramyi,0
Pachystomias_microdon,1
Pagellus_acarne,0
Pagellus_bellottii,0
Pagellus_bogaraveo,0
Pagellus_erythrinus,0
Pagetopsis_macropterus,0
Pagetopsis_maculatus,0
Pagothenia_borchgrevinki,0
Pagrus_auriga,0
Pagrus_caeruleostictus,0
Pagrus_pagrus,0
Pallidochromis_tokolosh,0
Pamphorichthys_araguaiensis,0
Pamphorichthys_hasemani,0
Pamphorichthys_hollandi,0
Pamphorichthys_minor,0
Pamphorichthys_scalpridens,0
Pampus_argenteus,0
Pangasianodon_hypophthalmus,1
Pangio_oblonga,0
Parablennius_cornutus,0
Parablennius_gattorugine,0
Parablennius_intermedius,0
Parablennius_marmoreus,0
Parablennius_parvicornis,0
Parablennius_pilicornis,0
Parablennius_rouxi,0
Parablennius_sanguinolentus,0
Parablennius_tasmanianus,0
Parablennius_tentacularis,0
Parablennius_yatabei,0
Parablennius_zvonimiri,0
Parabotia_banarescui,0
Parabotia_bimaculata,0
Parabotia_lijiangensis,0
Parabramis_pekinensis,1
Paracanthurus_hepatus,0
Parachaenichthys_charcoti,0
Parachaenichthys_georgianus,0
Paracheirodon_innesi,1
Parachela_maculicauda,1
Parachela_oxygastroides,1
Parachela_siamensis,1
Parachela_williaminae,1
Paracirrhites_forsteri,0
Paracirrhites_hemistictus,0
Paraclinus_integripinnis,0
Paraclinus_marmoratus,0
Paraclinus_mexicanus,0
Paraclinus_sini,0
Paracottus_knerii,1
Paracrossochilus_vittatus,0
Paracyprichromis_brieni,0
Paracyprichromis_nigripinnis,0
Paradiplospinus_antarcticus,0
Paragobiodon_modestus,0
Parahollardia_lineata,0
Parailia_pellucida,1
Parakneria_cameronensis,0
Paralaubuca_barroni,1
Paralaubuca_riveroi,1
Paralaubuca_typus,1
Paralichthys_dentatus,0
Paralichthys_olivaceus,0
Paraluteres_prionurus,0
Parambassis_ranga,0
Parambassis_wolffii,0
Paramonacanthus_choirocephalus,0
Paranotothenia_magellanica,0
Parapercis_clathrata,0
Paraplagusia_japonica,0
Parapristipoma_octolineatum,0
Parasinilabeo_assimilis,0
Parastromateus_niger,0
Pareuchiloglanis_gracilicaudata,1
Parma_oligolepis,0
Patagonotothen_guntheri,0
Patagonotothen_ramsayi,0
Patagonotothen_tessellata,0
Pavoclinus_graminis,0
Pavoclinus_profundus,0
Pectenocypris_korthausae,0
Pegusa_cadenati,0
Pegusa_lascaris,0
Pelagocephalus_marki,0
Pelasgus_prespensis,1
Pelates_quadrilineatus,0
Pelecus_cultratus,1
Pempheris_schwenkii,0
Pentanemus_quinquarius,0
Perca_fluviatilis,1
Percopsis_omiscomaycus,1
Percopsis_transmontana,1
Periophthalmus_barbarus,0
Perissodus_microlepis,0
Pervagor_janthinosoma,0
Pervagor_melanocephalus,0
Pervagor_nigrolineatus,0
Pethia_conchonius,0
Pethia_erythromycter,0
Pethia_gelius,0
Pethia_manipurensis,0
Pethia_nigrofasciata,0
Pethia_padamya,0
Pethia_phutunio,0
Pethia_shalynius,0
Pethia_stoliczkana,0
Pethia_tiantian,0
Pethia_ticto,0
Petroscirtes_mitratus,0
Phenacobius_catostomus,1
Phenacogrammus_interruptus,1
Pholis_gunnellus,0
Phoxinellus_alepidotus,1
Phoxinellus_dalmaticus,1
Phoxinellus_pseudalepidotus,1
Phoxinus_phoxinus,1
Phreatichthys_andruzzii,0
Phycis_blennoides,0
Phycis_phycis,0
Pituna_poranga,0
Placidochromis_milomo,0
Placocheilus_cryptonemus,0
Plagiognathops_microlepis,1
Plagiotremus_azaleus,0
Plagiotremus_rhinorhynchos,0
Plagiotremus_tapeinosoma,0
Plagopterus_argentissimus,1
Platichthys_flesus,1
Platygillellus_rubrocinctus,0
Platygobio_gracilis,1
Plecodus_elaviae,0
Plecodus_multidentatus,0
Plecodus_paradoxus,0
Plecodus_straeleni,0
Plectorhinchus_mediterraneus,0
Plectroglyphidodon_dickii,0
Pleuragramma_antarctica,0
Pleuronectes_platessa,0
Poecilia_caucana,0
Poecilia_latipunctata,0
Poecilia_parae,0
Poecilia_reticulata,0
Poecilia_vivipara,0
Poecilia_wingei,0
Poecilopsetta_beanii,0
Poecilopsetta_plinthus,0
Pogonichthys_macrolepidotus,1
Pogonophryne_scotti,0
Pollachius_pollachius,0
Pollachius_virens,0
Pollichthys_mauli,0
Polydactylus_sextarius,0
Polyipnus_asteroides,0
Polyipnus_stereope,0
Polymixia_japonica,0
Polymixia_nobilis,0
Polyodon_spathula,1
Polyprion_americanus,0
Polyprion_oxygeneios,0
Polyspina_piosae,0
Pomacanthus_maculosus,0
Pomacentrus_amboinensis,0
Pomacentrus_pavo,0
Pomadasys_incisus,0
Pomadasys_perotaei,0
Pomatomus_saltatrix,0
Pomatoschistus_lozanoi,0
Pomatoschistus_microps,1
Pomatoschistus_minutus,0
Pomatoschistus_pictus,0
Pomoxis_annularis,1
Pomoxis_nigromaculatus,1
Ponticola_cephalargoides,0
Pontinus_kuhlii,0
Pontinus_longispinis,0
Praealticus_caesius,0
Praealticus_labrovittatus,0
Praealticus_margaritatus,0
Praealticus_striatus,0
Praealticus_tanegasimae,0
Priacanthus_arenatus,0
Priacanthus_hamrur,0
Priolepis_cincta,0
Priolepis_eugenius,0
Priolepis_hipoliti,0
Prionodraco_evansii,0
Prionurus_biafraensis,0
Prionurus_laticlavius,0
Prionurus_maculatus,0
Procottus_jeittelesii,0
Protemblemaria_bicirrus,0
Proterorhinus_semilunaris,1
Protogobius_attiti,0
Protomelas_similis,0
Protosalanx_chinensis,1
Prototroctes_maraena,1
Psammogobius_biocellatus,0
Psenopsis_anomala,0
Pseudaphritis_urvillii,1
Pseudaspius_leptocephalus,1
Pseudecheneis_sulcata,1
Pseudexostoma_yunnanense,1
Pseudobagrus_tokiensis,1
Pseudobalistes_flavimarginatus,0
Pseudobalistes_fuscus,0
Pseudobalistes_naufragium,0
Pseudocaranx_dentex,0
Pseudochaenichthys_georgianus,0
Pseudocrossocheilus_bamaensis,0
Pseudocrossocheilus_liuchengensis,0
Pseudocrossocheilus_longibullus,0
Pseudocrossocheilus_nigrovittatus,0
Pseudocrossocheilus_papillolabrus,0
Pseudocrossocheilus_tridentis,0
Pseudogastromyzon_cheni,0
Pseudogastromyzon_fangi,0
Pseudogobio_esocinus,1
Pseudogobio_guilinensis,1
Pseudogobio_vaillanti,1
Pseudogyrinocheilus_prochilus,0
Pseudohemiculter_dispar,1
Pseudolaubuca_engraulis,1
Pseudomonacanthus_macrurus,0
Pseudomonacanthus_peroni,0
Pseudophycis_bachus,0
Pseudorasbora_parva,0
Pseudorasbora_pumila,1
Pseudorhombus_oligodon,0
Pseudotolithus_elongatus,0
Pseudotolithus_senegalensis,0
Pseudotolithus_senegallus,0
Pseudotolithus_typus,0
Pseudotriacanthus_strigilifer,0
Psilodraco_breviceps,0
Psilorhynchus_homaloptera,0
Psilorhynchus_sucatio,0
Ptereleotris_microlepis,0
Ptereleotris_monoptera,0
Ptereleotris_zebra,0
Pterocaesio_digramma,0
Pterois_antennata,0
Pterolebias_longipinnis,0
Pteronotropis_hypselopterus,1
Pterycombus_brama,0
Ptychidio_jordani,0
Ptychocheilus_grandis,1
Ptychocheilus_lucius,1
Ptychocheilus_oregonensis,1
Ptychocheilus_umpquae,1
Pungtungia_herzi,0
Pungu_maclareni,0
Puntius_bimaculatus,0
Puntius_chalakkudiensis,0
Puntius_sophore,0
Puntius_titteya,0
Puntius_vittatus,0
Qianlabeo_striatus,0
Rachycentron_canadum,0
Racovitzia_glacialis,0
Raiamas_batesii,0
Raiamas_bola,0
Raiamas_buchholzi,0
Raiamas_christyi,0
Raiamas_guttatus,0
Raiamas_salmolucius,0
Raiamas_senegalensis,0
Ranzania_laevis,0
Rasbora_argyrotaenia,0
Rasbora_aurotaenia,0
Rasbora_bankanensis,0
Rasbora_borapetensis,0
Rasbora_cephalotaenia,0
Rasbora_daniconius,0
Rasbora_dusonensis,0
Rasbora_einthovenii,0
Rasbora_elegans,0
Rasbora_hobelmani,0
Rasbora_jacobsoni,0
Rasbora_kalochroma,0
Rasbora_kottelati,0
Rasbora_meinkeni,0
Rasbora_paviana,0
Rasbora_rubrodorsalis,0
Rasbora_steineri,0
Rasbora_sumatrana,0
Rasbora_trilineata,0
Rasbora_tubbi,0
Rasbora_vulgaris,0
Rasboroides_vaterifloris,0
Rasbosoma_spilocerca,0
Rastrineobola_argentea,0
Rectoris_posehensis,0
Regalecus_glesne,0
Reicheltia_halsteadi,0
Relictus_solitarius,1
Renova_oscari,0
Rhabdoblennius_nitidus,0
Rhamphichthys_marmoratus,1
Rhamphochromis_esox,0
Rhamphochromis_longiceps,0
Rhinecanthus_aculeatus,0
Rhinecanthus_assasi,0
Rhinecanthus_lunula,0
Rhinecanthus_rectangulus,0
Rhinecanthus_verrucosus,0
Rhinichthys_atratulus,1
Rhinichthys_cataractae,1
Rhinichthys_osculus,1
Rhinogobio_typus,1
Rhinogobiops_nicholsii,0
Rhinomuraena_quaesita,0
Rhyacichthys_guilberti,0
Rhynchocypris_percnurus,1
Richardsonius_balteatus,1
Richardsonius_egregius,1
Risor_ruber,0
Rivulus_cylindraceus,0
Rivulus_roloffi,0
Romanogobio_ciscaucasicus,1
Romanogobio_tanaiticus,1
Romanogobio_tenuicorpus,1
Ruanoho_whero,0
Rudarius_ercodes,0
Rutilus_rutilus,1
Ruvettus_pretiosus,0
Rypticus_saponaceus,0
Sagamichthys_abei,0
Salangichthys_microdon,1
Salaria_fluviatilis,0
Salaria_pavo,0
Salarias_alboguttatus,0
Salarias_fasciatus,0
Salmo_salar,1
Salmo_trutta,1
Samaris_cristatus,0
Samariscus_latus,0
Sarcocheilichthys_parvus,1
Sarcocheilichthys_soldatovi,1
Sarda_sarda,0
Sardina_pilchardus,0
Sardinella_aurita,0
Sardinella_maderensis,0
Sargocentron_diadema,0
Sargocentron_microstoma,0
Sargocentron_punctatissimum,0
Sargocentron_spiniferum,1
Sargocentron_tiere,1
Sargocentron_xantherythrum,0
Sarotherodon_caroli,0
Sarotherodon_galilaeus,0
Sarotherodon_linnellii,0
Sarotherodon_lohbergeri,0
Sarotherodon_melanotheron,0
Sarotherodon_steinbachi,0
Sarpa_salpa,0
Saurogobio_dabryi,1
Sawbwa_resplendens,0
Scardinius_erythrophthalmus,1
Scartella_caboverdiana,0
Scartella_cristata,0
Scartella_emarginata,0
Scarus_psittacus,0
Scatophagus_argus,0
Schedophilus_medusophagus,0
Schedophilus_ovalis,0
Schedophilus_velaini,0
Schistura_balteata,0
Schistura_savona,0
Schizothorax_waltoni,0
Sciaenochromis_fryeri,0
Scomber_colias,0
Scomber_japonicus,0
Scomber_scombrus,0
Scomberomorus_brasiliensis,0
Scomberomorus_cavalla,0
Scomberomorus_commerson,0
Scomberomorus_maculatus,0
Scomberomorus_regalis,0
Scophthalmus_maximus,0
Scophthalmus_rhombus,0
Scorpaena_elongata,0
Scorpaena_maderensis,0
Scorpaena_notata,0
Scorpaena_onaria,0
Scorpaena_porcus,0
Scorpaena_scrofa,0
Scorpaenodes_guamensis,0
Scorpaenodes_minor,0
Scorpaenopsis_diabolus,0
Scorpaenopsis_macrochir,0
Scorpaenopsis_possi,0
Scriptaphyosemion_banforense,0
Scriptaphyosemion_guignardi,0
Sebastes_alutus,0
Sebastes_auriculatus,0
Sebastes_aurora,0
Sebastes_brevispinis,0
Sebastes_carnatus,0
Sebastes_caurinus,0
Sebastes_chlorostictus,0
Sebastes_chrysomelas,0
Sebastes_ciliatus,0
Sebastes_constellatus,0
Sebastes_diploproa,0
Sebastes_elongatus,0
Sebastes_entomelas,0
Sebastes_flavidus,0
Sebastes_hopkinsi,0
Sebastes_maliger,0
Sebastes_melanops,0
Sebastes_melanostomus,0
Sebastes_miniatus,0
Sebastes_mystinus,0
Sebastes_nebulosus,0
Sebastes_nigrocinctus,0
Sebastes_ovalis,0
Sebastes_paucispinis,0
Sebastes_pinniger,0
Sebastes_proriger,0
Sebastes_ruberrimus,0
Sebastes_rubrivinctus,0
Sebastes_semicinctus,0
Sebastes_serranoides,0
Sebastes_umbrosus,0
Sebastes_viviparus,0
Sebastolobus_altivelis,0
Securicula_gora,0
Selar_crumenophthalmus,0
Selene_dorsalis,0
Selenotoca_multifasciata,0
Semaprochilodus_insignis,1
Semilabeo_notabilis,0
Semilabeo_obscurus,0
Semotilus_atromaculatus,1
Seriola_carpenteri,0
Seriola_dumerili,0
Seriola_fasciata,0
Seriola_rivoliana,0
Seriolella_brama,0
Serranus_accraensis,0
Serranus_atricauda,0
Serranus_cabrilla,0
Serranus_hepatus,0
Serranus_scriba,0
Sewellia_lineolata,0
Sicydium_plumieri,0
Sicydium_punctatum,0
Sicyopterus_lagocephalus,0
Sicyopterus_pugnans,0
Sicyopus_zosterophorus,0
Siganus_vulpinus,0
Sigmops_bathyphilus,0
Signigobius_biocellatus,0
Sillago_sihama,0
Silurus_meridionalis,1
Sinibotia_robusta,0
Sinibotia_superciliaris,0
Sinibrama_macrops,1
Sinocrossocheilus_megalophthalmus,0
Sinocyclocheilus_anophthalmus,0
Sinocyclocheilus_furcodorsalis,0
Sinocyclocheilus_grahami,0
Sinocyclocheilus_jii,0
Sinocyclocheilus_jiuxuensis,0
Sinocyclocheilus_macrolepis,0
Sinocyclocheilus_macrophthalmus,0
Sinocyclocheilus_maculatus,0
Sinocyclocheilus_microphthalmus,0
Sinocyclocheilus_purpureus,0
Sinocyclocheilus_qiubeiensis,0
Sinocyclocheilus_rhinocerous,0
Sinocyclocheilus_tingi,0
Sinocyclocheilus_xunlensis,0
Sinocyclocheilus_yangzongensis,0
Sinocyclocheilus_yimenensis,0
Siphateles_alvordensis,1
Siphateles_bicolor,1
Siphateles_boraxobius,1
Smilosicyopus_chloe,0
Smilosicyopus_sasali,0
Solea_aegyptiaca,0
Solea_senegalensis,0
Solea_solea,0
Sparisoma_cretense,0
Sparisoma_rubripinne,0
Sparus_aurata,0
Spathodus_erythrodon,0
Speoplatyrhinus_poulsoni,1
Sphaeramia_nematoptera,0
Sphoeroides_annulatus,0
Sphoeroides_dorsalis,0
Sphoeroides_lispus,0
Sphoeroides_lobatus,0
Sphoeroides_maculatus,0
Sphoeroides_nephelus,0
Sphoeroides_pachygaster,0
Sphoeroides_parvus,0
Sphoeroides_spengleri,0
Sphoeroides_testudineus,0
Sphyraena_argentea,0
Sphyraena_barracuda,0
Sphyraena_guachancho,0
Sphyraena_viridensis,0
Spicara_maena,0
Spicara_smaris,0
Spinachia_spinachia,0
Spinibarbus_hollandi,0
Spinibarbus_sinensis,0
Spondyliosoma_cantharus,0
Sprattus_sprattus,0
Squalidus_argentatus,1
Squalidus_wolterstorffi,1
Squaliobarbus_curriculus,1
Squalius_aradensis,1
Squalius_carolitertii,1
Squalius_cephalus,1
Squalius_pyrenaicus,1
Squalius_torgalensis,1
Starksia_atlantica,0
Starksia_fasciata,0
Starksia_galapagensis,0
Starksia_grammilaga,0
Starksia_lepicoelia,0
Starksia_nanodes,0
Starksia_ocellata,0
Starksia_posthon,0
Starksia_spinipenis,0
Stathmonotus_culebrai,0
Stathmonotus_lugubris,0
Stathmonotus_stahli,0
Steatocranus_casuarius,0
Stegastes_gascoynei,0
Stenobrachius_leucopsarus,0
Stephanolepis_auratus,0
Stephanolepis_cirrhifer,0
Stephanolepis_hispidus,0
Stereolepis_gigas,0
Stigmatopora_nigra,0
Stiphodon_atratus,0
Stiphodon_elegans,0
Stiphodon_hydoreibatus,0
Stiphodon_rubromaculatus,0
Stiphodon_rutilaureus,0
Stiphodon_sapphirinus,0
Stokellia_anisodon,1
Stomatepia_mariae,0
Stomatepia_mongo,0
Stomatepia_pindu,0
Stomias_atriventer,0
Stomias_gracilis,0
Stonogobiops_xanthorhinica,0
Strophidon_sathete,0
Sufflamen_albicaudatum,0
Sufflamen_bursa,0
Sufflamen_chrysopterum,0
Sufflamen_fraenatum,0
Sufflamen_verres,0
Syacium_micrurum,0
Symphurus_orientalis,0
Synagrops_bellus,0
Synanceia_verrucosa,0
Synapturichthys_kleinii,0
Syncrossus_beauforti,0
Syngnathus_acus,0
Syngnathus_typhle,0
Synodus_foetens,0
Synodus_saurus,0
Systomus_orphoides,0
Tahuantinsuyoa_macantzatza,0
Takifugu_niphobles,0
Takifugu_ocellatus,0
Takifugu_pardalis,0
Takifugu_porphyreus,0
Takifugu_rubripes,0
Takifugu_stictonotus,0
Takifugu_xanthopterus,0
Talismania_longifilis,0
Tampichthys_catostomops,1
Tampichthys_erimyzonops,1
Tampichthys_ipni,1
Tampichthys_mandibularis,1
Tanakia_himantegus,1
Tanakia_limbata,1
Tanichthys_albonubes,1
Tanichthys_micagemmae,1
Taractichthys_longipinnis,0
Taurulus_bubalis,0
Telestes_croaticus,1
Telestes_fontinalis,1
Telestes_metohiensis,1
Telestes_souffia,1
Telmatochromis_dhonti,0
Telmatochromis_temporalis,0
Terranatos_dolichopterus,0
Tetractenos_glaber,0
Tetractenos_hamiltoni,0
Tetraodon_duboisi,0
Tetraodon_erythrotaenia,0
Tetraodon_lineatus,0
Tetraodon_mbu,0
Tetraodon_miurus,0
Tetraodon_palembangensis,0
Tetraodon_pustulatus,0
Tetraodon_suvattii,0
Tetrapturus_angustirostris,0
Tetrapturus_belone,0
Tetrapturus_georgii,0
Tetrapturus_pfluegeri,0
Tetrosomus_concatenatus,0
Tetrosomus_gibbosus,0
Tetrosomus_reipublicae,0
Thalassoma_pavo,0
Thamnaconus_modestus,0
Thunnus_alalunga,0
Thunnus_albacares,0
Thunnus_atlanticus,0
Thunnus_obesus,0
Thunnus_orientalis,0
Thunnus_thynnus,0
Thynnichthys_thynnoides,0
Tigrigobius_gemmatus,0
Tigrigobius_janssi,0
Tigrigobius_macrodon,0
Tigrigobius_multifasciatus,0
Tigrigobius_nesiotes,0
Tigrigobius_saucrus,0
Tinca_tinca,1
Tomicodon_humeralis,0
Tomicodon_myersi,0
Tomiyamichthys_lanceolatus,0
Tor_sinensis,0
Torquigener_altipinnis,0
Torquigener_flavimaculosus,0
Torquigener_hypselogeneion,0
Torquigener_pleurogramma,0
Torquigener_squamicauda,0
Toxabramis_houdemeri,1
Toxotes_chatareus,0
Toxotes_jaculatrix,0
Traccatichthys_pulcher,0
Trachinotus_ovatus,0
Trachinus_draco,0
Trachinus_radiatus,0
Trachurus_mediterraneus,0
Trachurus_murphyi,0
Trachurus_picturatus,0
Trachurus_trachurus,0
Trachyrincus_murrayi,0
Trematocara_macrostoma,0
Trematocara_unimaculatum,0
Trematomus_bernacchii,0
Trematomus_eulepidotus,0
Trematomus_hansoni,0
Trematomus_loennbergii,0
Trematomus_newnesi,0
Trematomus_pennellii,0
Trematomus_tokarevi,0
Triacanthodes_ethiops,0
Triacanthus_nieuhofii,0
Tribolodon_nakamurai,1
Trichiurus_lepturus,0
Trigla_lyra,0
Trigonectes_balzanii,0
Trigonectes_rubromarginatus,0
Trigonopoma_gracile,0
Trigonopoma_pauciperforatum,0
Trigonostigma_hengeli,0
Trigonostigma_heteromorpha,0
Trimma_caesiura,0
Trimma_flammeum,0
Trimmatom_eviotops,0
Trinectes_maculatus,0
Triodon_macropterus,0
Triplophysa_gundriseri,0
Triplophysa_rosa,0
Tripterygion_delaisi,0
Trisopterus_esmarkii,0
Trisopterus_luscus,0
Trisopterus_minutus,0
Trixiphichthys_weberi,0
Tuberoschistura_baenzigeri,0
Tydemania_navigatoris,0
Typhlichthys_subterraneus,1
Umbra_limi,1
Umbra_pygmaea,1
Umbrina_canariensis,0
Uranoscopus_albesca,0
Uranoscopus_scaber,0
Vaillantella_maassi,0
Valenciennea_longipinnis,0
Valenciennea_puellaris,0
Valenciennea_strigata,0
Vanacampus_margaritifer,0
Vanderhorstia_ornatissima,0
Vanmanenia_caldwelli,0
Vanmanenia_pingchowensis,0
Variabilichromis_moorii,0
Vomeridens_infuscipinnis,0
Xanthichthys_auromarginatus,0
Xanthichthys_lineopunctatus,0
Xanthichthys_mento,0
Xanthichthys_ringens,0
Xeneretmus_latifrons,0
Xenochromis_hecqui,0
Xenocypris_macrolepis,1
Xenomedea_rhodopyga,0
Xenotilapia_boulengeri,0
Xenotilapia_caudafasciata,0
Xenotilapia_flavipinnis,0
Xenotilapia_nigrolabiata,0
Xenotilapia_ochrogenys,0
Xenotilapia_sima,0
Xiphias_gladius,0
Xiphophorus_hellerii,0
Xiphophorus_malinche,0
Xyrichtys_novacula,0
Xystreurys_liolepis,0
Yaoshanicus_arcus,1
Yarrella_blackfordi,0
Yasuhikotakia_morleti,0
Yuriria_alta,1
Zacco_platypus,1
Zebrasoma_desjardinii,0
Zebrasoma_flavescens,0
Zebrasoma_scopas,0
Zebrasoma_velifer,0
Zenopsis_conchifer,0
Zeugopterus_punctatus,0
Zeus_faber,0
Zoarces_viviparus,1